USE_ID,CATCH_TYPE,USE_DESC
8416,HIGH_COED,Ku-ring-gai HS
8161,HIGH_BOYS,Randwick BHS
8539,HIGH_COED,SSC Blackwattle Bay
8400,HIGH_COED,St Ives HS
8555,HIGH_COED,Rose Bay SC
8556,CENTRAL_HIGH,Alexandria Park CS
8913,HIGH_COED,Inner Sydney HS
8286,HIGH_COED,Mt Annan HS
8584,HIGH_COED,Elizabeth Macarthur HS
8290,HIGH_COED,John Edmondson HS
8916,HIGH_COED,Oran Park HS
8575,HIGH_COED,Robert Townson HS
8569,HIGH_COED,Eagle Vale HS
8435,HIGH_COED,Turramurra HS
8220,HIGH_GIRLS,Randwick GHS
8922,HIGH_COED,Jerrabomberra HS
8524,HIGH_COED,Karabar HS
8919,HIGH_COED,Bungendore HS
2899,PRIMARY,Port Macquarie PS
4411,PRIMARY,Westport PS
8116,HIGH_COED,Goulburn HS
4400,PRIMARY,St Ives Park PS
8216,HIGH_COED,Queanbeyan HS
4331,PRIMARY,St Ives PS
4524,PRIMARY,Hastings PS
8554,HIGH_COED,HSC Westport
8364,HIGH_COED,HSC Port Macquarie
8395,HIGH_COED,Pendle Hill HS
8892,HIGH_COED,Arthur Phillip HS
8135,HIGH_COED,Parramatta HS
2838,PRIMARY,Parklea PS
2404,PRIMARY,Lindfield EPS
4393,PRIMARY,Carlingford WPS
4615,PRIMARY,Caddies Ck  PS
3918,PRIMARY,Killara PS
3396,PRIMARY,Waterfall PS
2304,PRIMARY,Kincumber PS
5148,INFANTS,Bardwell Park IS
4257,PRIMARY,Ryde EPS
4398,PRIMARY,Chertsey Primary School
4286,PRIMARY,Camden SPS
1537,PRIMARY,Cawdor PS
4218,PRIMARY,Gosford EPS
3986,PRIMARY,Yennora PS
4461,PRIMARY,Guise PS
3765,PRIMARY,Bundeena PS
3944,PRIMARY,Beverly Hls NPS
3948,PRIMARY,Tempe PS
2003,PRIMARY,Glenhaven PS
4496,PRIMARY,Dulwich Hill PS
7414,PRIMARY,Darlinghurst PS
1146,PRIMARY,Baryulgil PS
1372,PRIMARY,Bronte PS
2061,PRIMARY,Sth Grafton PS
4640,PRIMARY,Sherwood Ridge PS
4599,PRIMARY,Barnier PS
4572,PRIMARY,John Purchase PS
4250,PRIMARY,Randwick PS
3952,PRIMARY,Marrickville PS
4355,PRIMARY,Smithfield WPS
4563,PRIMARY,William Stimson PS
2744,PRIMARY,Newtown NPS
4580,PRIMARY,Kariong PS
1839,PRIMARY,Empire Bay PS
1498,PRIMARY,Brisbania PS
4050,PRIMARY,Point Clare PS
3534,PRIMARY,Table Top PS
1019,PRIMARY,Albury WPS
3352,PRIMARY,Walla Walla PS
3042,PRIMARY,Sawtell PS
4504,PRIMARY,Crawford PS
3735,PRIMARY,Woronora River PS
3743,PRIMARY,Riverwood PS
3748,PRIMARY,Belrose PS
3696,PRIMARY,Soldiers Pt PS
2901,PRIMARY,Prestons PS
4621,PRIMARY,Narellan Vale PS
2206,PRIMARY,Ingleburn PS
4064,PRIMARY,Macquarie Fields PS
4481,PRIMARY,St Andrews PS
1003,PRIMARY,Abermain PS
4516,PRIMARY,Eastlakes PS
2723,PRIMARY,Tomaree PS
4184,PRIMARY,Lennox Head PS
4510,PRIMARY,Claymore PS
2360,PRIMARY,Lakemba PS
2741,PRIMARY,Newrybar PS
2274,PRIMARY,Kellyville PS
2279,PRIMARY,Kempsey WPS
3968,PRIMARY,Speers Pt PS
7424,PRIMARY,Liverpool PS
4034,PRIMARY,Eleebana PS
4185,PRIMARY,Valentine PS
2054,PRIMARY,Goulburn EPS
2193,PRIMARY,Rathmines PS
1762,PRIMARY,Dora Ck  PS
2621,PRIMARY,Morisset PS
4316,PRIMARY,Mannering Park PS
4515,PRIMARY,Kambora PS
4405,PRIMARY,Beresford Rd PS
4400,PRIMARY,St Ives Park PS
3522,PRIMARY,Wyee PS
1482,PRIMARY,Camden PS
4498,PRIMARY,Minnamurra PS
1206,PRIMARY,Berridale PS
3877,PRIMARY,Corrimal EPS
2066,PRIMARY,Granville SPS
2586,PRIMARY,Mogo PS
3479,PRIMARY,Wolumla PS
4221,PRIMARY,Loftus PS
1628,PRIMARY,Cooma PS
1898,PRIMARY,Fairy Meadow PS
4208,PRIMARY,Fennell Bay PS
1007,PRIMARY,Adaminaby PS
3988,PRIMARY,Biraban PS
1904,PRIMARY,Fassifern PS
4017,PRIMARY,Booragul PS
1129,PRIMARY,Banora Pt PS
4507,PRIMARY,Bonnet Bay PS
4509,PRIMARY,Sarah Redfern PS
2703,PRIMARY,Narara PS
1497,PRIMARY,Canterbury PS
1064,PRIMARY,Ashbury PS
4447,PRIMARY,Hebersham PS
2049,PRIMARY,Gosford PS
3593,PRIMARY,Oyster Bay PS
5246,INFANTS,Bankstown SIS
4551,PRIMARY,Plunkett St PS
2900,PRIMARY,Premer PS
2801,PRIMARY,Old Guildford PS
3420,PRIMARY,Wellington PS
2417,PRIMARY,Lochinvar PS
4004,PRIMARY,Jannali EPS
4005,PRIMARY,Warilla PS
1616,PRIMARY,Coogee PS
1363,PRIMARY,Brocklesby PS
3357,PRIMARY,Wallsend PS
7308,PRIMARY,Plattsburg PS
3703,PRIMARY,Sth Coogee PS
4009,PRIMARY,Fairvale PS
7427,PRIMARY,Maroubra Jn PS
1671,PRIMARY,Cowra PS
1659,PRIMARY,Corowa SPS
2186,PRIMARY,Howlong PS
3958,PRIMARY,Padstow Hts PS
3957,PRIMARY,Woolooware PS
4546,PRIMARY,Katoomba PS
4366,PRIMARY,Toongabbie EPS
2391,PRIMARY,Leura PS
4222,PRIMARY,Darcy Rd PS
4110,PRIMARY,Central Mangrove PS
3311,CENTRAL_PRIMARY,Ungarie CS
2525,PRIMARY,Merewether PS
3247,PRIMARY,Toronto PS
3896,PRIMARY,Como WPS
4660,PRIMARY,Bayanami PS
2842,PRIMARY,Parramatta NPS
1990,PRIMARY,Gladesville PS
1042,PRIMARY,Annandale NPS
1661,PRIMARY,Corrimal PS
1041,PRIMARY,Annandale PS
1166,PRIMARY,Beecroft PS
4294,PRIMARY,Roselea PS
1131,CENTRAL_PRIMARY,Barellan CS
2572,PRIMARY,Minto PS
1791,PRIMARY,Dungay PS
4535,PRIMARY,Blairmount PS
4514,PRIMARY,King St PS
3956,PRIMARY,Beaumont Rd PS
3919,PRIMARY,Castle Cove PS
2403,PRIMARY,Lindfield PS
2994,PRIMARY,Roseville PS
7413,PRIMARY,Daceyville PS
3304,PRIMARY,Ulong PS
2814,PRIMARY,Orara Upper PS
3332,PRIMARY,Nth Wagga PS
7444,PRIMARY,Rosehill PS
1896,PRIMARY,Fairfield WPS
4674,PRIMARY,Estella PS
4161,PRIMARY,Liverpool WPS
4067,PRIMARY,Matraville SSPS
4607,PRIMARY,Centaur PS
3983,PRIMARY,Canley Hts PS
4344,PRIMARY,Ashcroft PS
2356,PRIMARY,Laguna PS
4396,PRIMARY,Busby WPS
1845,PRIMARY,Engadine PS
4594,PRIMARY,Bonnyrigg Hts PS
4608,PRIMARY,Glendenning PS
2342,PRIMARY,Kurrajong PS
2480,PRIMARY,Maroota PS
4652,PRIMARY,Marie Bashir PS
1813,PRIMARY,Ebenezer PS
4427,PRIMARY,Niagara Park PS
4483,PRIMARY,Grose View PS
3966,PRIMARY,Blackalls Park PS
4436,PRIMARY,Winmalee PS
3980,PRIMARY,Cabramatta WPS
4278,PRIMARY,Marsden Rd PS
4624,PRIMARY,Greenway Park PS
2472,PRIMARY,Maraylya PS
2482,PRIMARY,Maroubra Bay PS
2097,PRIMARY,Gulgong PS
2451,PRIMARY,Maitland EPS
5103,INFANTS,Arncliffe WIS
3204,PRIMARY,Thornton PS
7404,PRIMARY,Balmain PS
7307,PRIMARY,Orange PS
2084,PRIMARY,Greta PS
3060,PRIMARY,Shellharbour PS
3022,PRIMARY,Nth Ryde PS
4160,PRIMARY,Kent Rd PS
3449,PRIMARY,Willoughby PS
2315,PRIMARY,Kitchener PS
1982,PRIMARY,Gillieston PS
2271,PRIMARY,Keiraville PS
4632,PRIMARY,Bogangar PS
1040,PRIMARY,Anna Bay PS
1566,PRIMARY,Clemton Park PS
1844,PRIMARY,Enfield PS
4192,PRIMARY,Bert Oldfield PS
4116,PRIMARY,Blacktown WPS
4381,PRIMARY,Shelley PS
4444,PRIMARY,Metella Rd PS
1768,PRIMARY,Double Bay PS
2643,PRIMARY,Mt Kembla PS
4475,PRIMARY,Leonay PS
2642,PRIMARY,Mt Keira PS
5128,INFANTS,Nillo IS
1529,PRIMARY,Castle Hill PS
1367,PRIMARY,Broke PS
4019,PRIMARY,Forestville PS
1830,PRIMARY,Ellerston PS
4479,PRIMARY,John Warby PS
2001,PRIMARY,Glenfield PS
4558,PRIMARY,Eschol Park PS
4567,PRIMARY,Governor Philip King PS
4467,PRIMARY,King Park PS
3029,PRIMARY,St Johns Park PS
2927,PRIMARY,Raglan PS
1148,PRIMARY,Bass Hill PS
1358,PRIMARY,Brighton-Le-Sands PS
1512,PRIMARY,Carlton PS
3305,PRIMARY,Ultimo PS
1590,PRIMARY,Collector PS
4671,PRIMARY,Barramurra PS
2913,PRIMARY,Putney PS
3863,PRIMARY,Meadowbank PS
3023,PRIMARY,West Ryde PS
2933,PRIMARY,Rand PS
3972,PRIMARY,Caringbah NPS
4357,PRIMARY,Pleasant Hts PS
1106,PRIMARY,Balgownie PS
4328,PRIMARY,Sherwood Grange PS
4126,PRIMARY,Campbelltown NPS
4521,PRIMARY,Metford PS
4277,PRIMARY,Campbelltown EPS
4489,PRIMARY,Ruse PS
4505,PRIMARY,Ambarvale PS
3457,PRIMARY,Windellama PS
4342,PRIMARY,Picnic Pt PS
4431,PRIMARY,Marton PS
3189,PRIMARY,Terranora PS
3277,PRIMARY,Tumbulgum PS
2857,PRIMARY,Pennant Hls PS
4650,PRIMARY,Wilton PS
2153,PRIMARY,Helensburgh PS
1045,PRIMARY,Appin PS
2818,PRIMARY,Otford PS
3045,PRIMARY,Scarborough PS
1313,CENTRAL_PRIMARY,Boorowa CS
3862,PRIMARY,Denistone EPS
1320,PRIMARY,Boronia Park PS
3148,PRIMARY,Tahmoor PS
2407,PRIMARY,Lisarow PS
2166,PRIMARY,Hill Top PS
1075,PRIMARY,Auburn WPS
1807,PRIMARY,Earlwood PS
2844,PRIMARY,Paterson PS
2093,PRIMARY,Guildford PS
7403,PRIMARY,Auburn PS
3931,PRIMARY,Seven Hls PS
3252,PRIMARY,Towamba PS
4165,PRIMARY,Epping NPS
4290,PRIMARY,Mt Druitt PS
1240,PRIMARY,Birchgrove PS
2968,PRIMARY,The Risk PS
3527,PRIMARY,Wyong PS
3951,PRIMARY,Marrickville WPS
1488,PRIMARY,Campsie PS
7430,PRIMARY,Mosman PS
4111,PRIMARY,Tweed Hds SPS
4011,PRIMARY,Lake Hts PS
4601,PRIMARY,Aldavilla PS
1874,PRIMARY,Eungai PS
4016,PRIMARY,Revesby SPS
3104,PRIMARY,Warrawong PS
4266,PRIMARY,Lakelands PS
4556,PRIMARY,Wytaliba PS
4574,PRIMARY,Samuel Gilbert PS
2428,PRIMARY,Lowanna PS
4123,PRIMARY,Rydalmere EPS
1134,PRIMARY,Bargo PS
4125,PRIMARY,Ermington WPS
4248,PRIMARY,Vardys Rd PS
4401,PRIMARY,Murray Farm PS
1971,PRIMARY,Gerringong PS
2826,PRIMARY,Padstow Park PS
2749,PRIMARY,Nicholson St PS
5120,INFANTS,Yeo Park IS
4435,PRIMARY,Mt Riverview PS
4106,PRIMARY,Nowra Hill PS
2761,PRIMARY,Northbridge PS
2493,PRIMARY,Martins Ck  PS
4573,PRIMARY,Tharawal PS
4029,PRIMARY,Dundas PS
4446,PRIMARY,Dawson PS
3423,PRIMARY,Wentworthville PS
3871,PRIMARY,Wattle Grove PS
3872,PRIMARY,Greenwell Pt PS
5241,INFANTS,Mt Lewis IS
1589,CENTRAL_PRIMARY,Collarenebri CS
3976,PRIMARY,Farmborough Rd PS
3308,PRIMARY,Unanderra PS
4180,PRIMARY,Berkeley WPS
2053,PRIMARY,Goulburn PS
4282,PRIMARY,Marayong Hts PS
3898,PRIMARY,Marks Pt PS
2055,PRIMARY,Goulburn NPS
1178,PRIMARY,Bellbrook PS
4228,PRIMARY,Bullarah PS
4649,PRIMARY,Tullimbar PS
4458,PRIMARY,Briar Rd PS
4314,PRIMARY,Harrington St PS
4545,PRIMARY,Bonnyrigg PS
4336,PRIMARY,Heckenberg PS
2971,PRIMARY,Robertson PS
2763,PRIMARY,Northmead PS
4417,PRIMARY,Winston Hls PS
4490,PRIMARY,Campbellfield PS
4471,PRIMARY,Winston Hts PS
4480,PRIMARY,Bidwill PS
1341,PRIMARY,Branxton PS
4299,PRIMARY,Chifley PS
3999,PRIMARY,Richmond PS
3964,PRIMARY,Figtree PS
3881,PRIMARY,Mt St Thomas PS
1612,PRIMARY,Coniston PS
4037,PRIMARY,Cringila PS
4077,PRIMARY,Illawong PS
4602,PRIMARY,William Bayldon PS
3182,PRIMARY,The Sir Henry PMPS
3137,PRIMARY,Sutton PS
2349,PRIMARY,Kyogle PS
4423,PRIMARY,Mt Brown PS
2502,PRIMARY,Matraville PS
1085,PRIMARY,Colo Vale PS
3504,PRIMARY,Borenore PS
4380,PRIMARY,Calare PS
4225,PRIMARY,Tulloona PS
4320,PRIMARY,Gwandalan PS
2759,PRIMARY,Nords Wharf PS
4367,PRIMARY,Caves Beach PS
3141,PRIMARY,Swansea PS
2476,PRIMARY,Pelican Flat PS
2555,PRIMARY,Millfield PS
3441,PRIMARY,Wilberforce PS
4197,PRIMARY,Blacksmiths PS
1183,PRIMARY,Belmont PS
1937,PRIMARY,Fort St PS
2213,CENTRAL_PRIMARY,Ivanhoe CS
7301,PRIMARY,Canowindra PS
2341,PRIMARY,Kurnell PS
2177,PRIMARY,Telarah PS
7406,PRIMARY,Bexley PS
3830,PRIMARY,Ramsgate PS
4619,PRIMARY,Henry Fulton PS
3890,PRIMARY,Cooma NPS
1921,CENTRAL_PRIMARY,Lord Howe ICS
4022,PRIMARY,Coal Pt PS
4200,PRIMARY,Allambie Hts PS
3997,PRIMARY,Hilltop Rd PS
4331,PRIMARY,St Ives PS
7409,PRIMARY,Chatswood PS
4198,PRIMARY,Casula PS
4642,PRIMARY,Ashtonfield PS
2421,PRIMARY,Londonderry PS
4285,PRIMARY,Bennett Rd PS
4256,PRIMARY,Nowra EPS
3869,PRIMARY,Yagoona PS
2904,PRIMARY,Primbee PS
3343,PRIMARY,Walhallow PS
4263,PRIMARY,Tarro PS
2506,PRIMARY,Mayfield EPS
1518,PRIMARY,Carrington PS
3213,PRIMARY,Tighes Hill PS
4462,PRIMARY,Figtree Hts PS
4464,PRIMARY,Sanctuary Pt PS
2740,PRIMARY,Newport PS
2593,PRIMARY,Mona Vale PS
3795,PRIMARY,Hamilton SPS
3240,PRIMARY,Toongabbie PS
4377,PRIMARY,Baulkham Hls NPS
2285,PRIMARY,Kentlyn PS
2293,PRIMARY,Kiama PS
1808,PRIMARY,Eastern Ck  PS
1061,PRIMARY,Artarmon PS
2368,PRIMARY,Lane Cove PS
4399,PRIMARY,Hayes Park PS
4083,PRIMARY,Kemblawarra PS
3908,PRIMARY,Lane Cove WPS
3867,PRIMARY,Lake Illawarra SPS
4333,PRIMARY,Warilla NPS
4288,PRIMARY,Holsworthy PS
4088,PRIMARY,Padstow NPS
3698,PRIMARY,Chester Hill PS
1775,PRIMARY,Dubbo PS
4291,PRIMARY,Balarang PS
1992,PRIMARY,Windang PS
4395,PRIMARY,Mt Warrigal PS
3053,PRIMARY,Seven Hls NPS
1823,PRIMARY,Eglinton PS
4129,PRIMARY,Heaton PS
3824,PRIMARY,Bathurst WPS
4614,PRIMARY,Windsor Park PS
1668,PRIMARY,Cowan PS
4162,PRIMARY,Seven Hls WPS
4338,PRIMARY,Miller PS
1988,PRIMARY,Girraween PS
3794,PRIMARY,Bald Face PS
3993,PRIMARY,Pendle Hill PS
1890,PRIMARY,Excelsior PS
4585,PRIMARY,Bligh Park PS
2189,PRIMARY,Hunters Hill PS
2377,PRIMARY,Laurieton PS
2958,PRIMARY,Revesby PS
1199,PRIMARY,Berala PS
4212,PRIMARY,Quakers Hill EPS
5272,PRIMARY,Heathcote EPS
4230,PRIMARY,Laguna St PS
7405,PRIMARY,Bankstown PS
4020,PRIMARY,Glenroi Hts PS
2245,PRIMARY,Jugiong PS
2706,PRIMARY,Narrabeen Lakes PS
2129,PRIMARY,Hampton PS
1104,PRIMARY,Seaforth PS
3876,PRIMARY,Muswellbrook SPS
4038,PRIMARY,Epping Hts PS
1851,PRIMARY,Epping WPS
7302,PRIMARY,Carlingford PS
4678,PRIMARY,Ngarala PS
2531,PRIMARY,Merrylands PS
3470,PRIMARY,Wisemans Ferry PS
3905,PRIMARY,Pagewood PS
1143,PRIMARY,Barrington PS
1857,PRIMARY,Woodport PS
1271,PRIMARY,Bobs Farm PS
4651,PRIMARY,Oran Park PS
1558,PRIMARY,Chillingham PS
4101,PRIMARY,Murwillumbah EPS
2687,PRIMARY,Murwillumbah PS
4547,PRIMARY,Tanilba Bay PS
2512,PRIMARY,Medowie PS
4372,PRIMARY,Irrawang PS
2149,PRIMARY,Heathcote PS
3159,PRIMARY,Tanja PS
2843,PRIMARY,Parramatta WPS
2223,PRIMARY,Jennings PS
1654,PRIMARY,Corindi PS
7445,PRIMARY,Woy Woy PS
2841,PRIMARY,Wooli PS
4329,PRIMARY,Woy Woy SPS
1186,PRIMARY,Belmore SPS
2510,PRIMARY,The Meadows PS
1801,PRIMARY,Duranbah PS
1696,PRIMARY,Cudgen PS
4450,PRIMARY,Berinba PS
4346,PRIMARY,Kingswood Park PS
2852,PRIMARY,Peats Ridge PS
2987,PRIMARY,Rosebank PS
2231,PRIMARY,Jerrys Plains PS
2056,PRIMARY,Goulburn SPS
4459,PRIMARY,Woodberry PS
2528,CENTRAL_PRIMARY,Merriwa CS
2656,PRIMARY,Mudgee PS
3995,PRIMARY,Umina Beach PS
1455,PRIMARY,Burwood PS
4191,PRIMARY,Lalor Park PS
1656,PRIMARY,Corndale PS
1185,PRIMARY,Belmore NPS
2439,PRIMARY,Macdonald Valley PS
3354,PRIMARY,Wallerawang PS
4311,PRIMARY,Bardia PS
2507,PRIMARY,Mayfield WPS
1621,CENTRAL_PRIMARY,Coolah CS
1073,PRIMARY,Auburn NPS
4555,PRIMARY,Cudgegong Valley PS
3435,PRIMARY,White Cliffs PS
3442,CENTRAL_PRIMARY,Wilcannia CS
4508,PRIMARY,Valley View PS
2840,PRIMARY,Parramatta PS
4013,PRIMARY,Peakhurst WPS
3970,PRIMARY,Collaroy Plateau PS
3984,PRIMARY,Balgowlah NPS
1850,PRIMARY,Epping PS
3906,PRIMARY,Narrabeen NPS
2009,PRIMARY,Glenmore Rd PS
4453,PRIMARY,Blackett PS
1644,PRIMARY,Coraki PS
4177,PRIMARY,Albert Park PS
4476,PRIMARY,Shalvey PS
4663,PRIMARY,Bella Vista PS
4147,PRIMARY,Erskineville PS
3719,PRIMARY,Annangrove PS
3578,PRIMARY,Pottsville Beach PS
4249,PRIMARY,Wheeler Hts PS
2086,PRIMARY,Greystanes PS
3038,PRIMARY,Sans Souci PS
4526,PRIMARY,Matthew Pearce PS
4057,PRIMARY,Birrong PS
3302,PRIMARY,Ulladulla PS
4058,PRIMARY,Leumeah PS
3702,PRIMARY,Georges Hall PS
2374,PRIMARY,Largs PS
3789,PRIMARY,Condell Park PS
4259,PRIMARY,Burraneer Bay PS
7418,PRIMARY,Gardeners Rd PS
4422,PRIMARY,Emerton PS
7408,PRIMARY,Bourke St PS
4368,PRIMARY,Wakehurst PS
1946,PRIMARY,Frenchs Forest PS
4420,PRIMARY,Nuwarra PS
2560,PRIMARY,Milperra PS
4012,PRIMARY,Panania NPS
3736,PRIMARY,Balgowlah Hts PS
3950,PRIMARY,Manly Village PS
4627,PRIMARY,Newington PS
4059,PRIMARY,Wattawa Hts PS
2016,PRIMARY,Glenreagh PS
1560,PRIMARY,Chipping Norton PS
3846,PRIMARY,Melrose Park PS
4620,PRIMARY,Glendore PS
7420,PRIMARY,Hamilton PS
3690,PRIMARY,Oxley Vale PS
1098,PRIMARY,Bald Blair PS
4293,PRIMARY,St Ives NPS
4323,PRIMARY,Peakhurst SPS
1613,PRIMARY,Connells Pt PS
2212,PRIMARY,Islington PS
3897,PRIMARY,Hamilton NPS
2542,PRIMARY,Middle Dural PS
3377,PRIMARY,Waratah PS
4217,PRIMARY,Banksia Rd PS
3971,PRIMARY,Beacon Hill PS
4274,PRIMARY,Hornsby Hts PS
2133,PRIMARY,Harbord PS
4148,PRIMARY,Castlereagh PS
4138,PRIMARY,Penrith SPS
4528,PRIMARY,Kings Langley PS
4142,PRIMARY,Bankstown WPS
2771,PRIMARY,Nulkaba PS
4494,PRIMARY,Hampden Park PS
2128,PRIMARY,Hammondville PS
4151,PRIMARY,Tower St PS
4122,PRIMARY,Miranda NPS
3225,PRIMARY,Tocumwal PS
1972,PRIMARY,Geurie PS
2234,PRIMARY,Jesmond PS
3073,PRIMARY,Smithfield PS
3020,PRIMARY,Rydalmere PS
2041,PRIMARY,Goonellabah PS
5247,INFANTS,New Lambton Hts IS
3293,PRIMARY,Tyalgum PS
4015,PRIMARY,Mowbray PS
3330,PRIMARY,Wagga Wagga PS
4164,PRIMARY,Truscott St PS
3924,PRIMARY,East Hls PS
8278,CENTRAL_PRIMARY,Wadalba CS
3157,PRIMARY,Tamworth PS
3175,PRIMARY,Tea Gardens PS
4279,PRIMARY,St Marys SPS
2884,PRIMARY,Pitt Town PS
2021,PRIMARY,Glossodia PS
4683,PRIMARY,Murrumbateman PS
4157,PRIMARY,Yates Ave PS
1860,PRIMARY,Ermington PS
4041,PRIMARY,Eastwood Hts PS
1615,PRIMARY,Cooerwull PS
3288,PRIMARY,Turramurra NPS
3635,PRIMARY,Scotts Head PS
4283,PRIMARY,West Pymble PS
3477,PRIMARY,Wollongong WPS
5236,PRIMARY,Granville EPS
4499,PRIMARY,Newbridge Hts PS
4386,PRIMARY,Killarney Hts PS
4488,PRIMARY,Kareela PS
4389,PRIMARY,Gymea NPS
3528,PRIMARY,Wyong Ck  PS
2312,PRIMARY,Kingswood PS
3334,PRIMARY,Waitara PS
4568,PRIMARY,Ellison PS
4622,PRIMARY,Claremont Meadows PS
2815,PRIMARY,Orchard Hls PS
4339,PRIMARY,Kingswood SPS
5132,PRIMARY,Russell Lea PS
1920,PRIMARY,Five Dock PS
4493,PRIMARY,Noumea PS
7423,PRIMARY,Leichhardt PS
4449,PRIMARY,Madang Ave PS
2859,PRIMARY,Penrith PS
3021,PRIMARY,Ryde PS
2624,PRIMARY,Mortdale PS
4581,PRIMARY,Frank Partridge VC PS
4060,PRIMARY,Cambridge Park PS
4589,PRIMARY,Shoal Bay PS
4051,PRIMARY,Penshurst WPS
4473,PRIMARY,Werrington PS
1124,PRIMARY,Bankstown NPS
1139,PRIMARY,Barooga PS
2667,PRIMARY,Mulwala PS
2580,PRIMARY,Mitchells Island PS
5112,INFANTS,Taverners Hill IS
2139,PRIMARY,Harrington PS
2571,PRIMARY,Minmi PS
2765,PRIMARY,Nth Star PS
2618,PRIMARY,Moree PS
4600,PRIMARY,Maryland PS
3222,PRIMARY,Tirranna PS
1682,PRIMARY,Cronulla PS
4000,PRIMARY,Guildford WPS
2164,PRIMARY,Hillside PS
1774,PRIMARY,Drummoyne PS
3384,PRIMARY,Warners Bay PS
3820,PRIMARY,Tarrawanna PS
2861,PRIMARY,Penshurst PS
2197,PRIMARY,Hurstville PS
2198,PRIMARY,Hurstville SPS
2307,PRIMARY,Kingsgrove PS
1215,PRIMARY,Beverly Hls PS
2784,PRIMARY,Nymboida PS
3310,PRIMARY,Undercliffe PS
2985,PRIMARY,Rollands Plains UPS
4149,PRIMARY,Nth Haven PS
3935,PRIMARY,Crown St PS
1255,PRIMARY,Blakehurst PS
4520,PRIMARY,Bateau Bay PS
3318,PRIMARY,Urunga PS
1048,PRIMARY,Arcadia PS
4298,PRIMARY,Yarrawarrah PS
1690,PRIMARY,Crystal Ck  PS
1735,PRIMARY,Darlington PS
3882,PRIMARY,Tamworth SPS
4232,PRIMARY,Morgan St PS
1788,PRIMARY,Dundurrabin PS
2284,PRIMARY,Kenthurst PS
1547,PRIMARY,Chandler PS
4617,PRIMARY,Tacking Pt PS
4524,PRIMARY,Hastings PS
2899,PRIMARY,Port Macquarie PS
5188,INFANTS,Sefton IS
2263,PRIMARY,Karuah PS
7442,PRIMARY,Woollahra PS
2156,PRIMARY,Hernani PS
3089,PRIMARY,Spring Hill PS
3340,CENTRAL_PRIMARY,Walcha CS
3547,PRIMARY,Yarrowitch PS
4503,PRIMARY,Tyalla PS
4441,PRIMARY,Crestwood PS
4604,PRIMARY,Oakhill Drive PS
1070,PRIMARY,Asquith PS
2020,PRIMARY,Glen William PS
3428,PRIMARY,Westdale PS
5114,PRIMARY,Ferncourt PS
4421,PRIMARY,Gillwinga PS
1269,PRIMARY,Bobin PS
2794,PRIMARY,Oakville PS
2748,PRIMARY,Niangala PS
1470,PRIMARY,Byron Bay PS
4258,PRIMARY,Lynwood Park PS
1179,PRIMARY,Bellevue Hill PS
2988,PRIMARY,Rose Bay PS
4577,PRIMARY,Minchinbury PS
1605,PRIMARY,Como PS
3796,PRIMARY,Lugarno PS
1321,PRIMARY,Bossley Park PS
1336,CENTRAL_PRIMARY,Bowraville CS
4518,PRIMARY,The Grange PS
4668,PRIMARY,Smalls Rd PS
4460,PRIMARY,Curran PS
2713,PRIMARY,Narromine PS
1873,PRIMARY,Eumungerie PS
4500,PRIMARY,Nareena Hls PS
2766,PRIMARY,Nth Sydney PS
2543,PRIMARY,Middle Harbour PS
1647,PRIMARY,Coramba PS
3129,PRIMARY,Summer Hill PS
2344,PRIMARY,Kurrajong NPS
3032,PRIMARY,St Peters PS
1515,PRIMARY,Carool PS
5109,PRIMARY,Canterbury SPS
1292,PRIMARY,Bondi Beach PS
7407,PRIMARY,Bondi PS
3953,PRIMARY,Waverley PS
2308,PRIMARY,Bexley NPS
3093,PRIMARY,Spring Terrace PS
3325,PRIMARY,Vaucluse PS
2637,PRIMARY,Mt George PS
5126,PRIMARY,Merrylands EPS
2781,PRIMARY,Nundle PS
7316,PRIMARY,Dorrigo PS
2060,PRIMARY,Grafton PS
3303,PRIMARY,Ulmarra PS
2104,PRIMARY,Gundaroo PS
1625,PRIMARY,Shoalhaven Hds PS
4275,PRIMARY,Normanhurst WPS
7303,PRIMARY,Gloucester PS
4533,PRIMARY,Tuncurry PS
1936,PRIMARY,Forster PS
2999,PRIMARY,Rossmore PS
3112,PRIMARY,Stokers Siding PS
4440,PRIMARY,Cherrybrook PS
3445,PRIMARY,Willawarrin PS
4327,PRIMARY,Marayong SPS
2511,PRIMARY,Medlow PS
1666,PRIMARY,Coutts Crossing PS
2858,PRIMARY,West Pennant Hls PS
5104,INFANTS,Australia St IS
3939,PRIMARY,Mt Hutton PS
2303,PRIMARY,Kinchela PS
1535,PRIMARY,Cattai PS
3829,PRIMARY,Jannali PS
4656,PRIMARY,Anzac Park PS
2698,PRIMARY,Nana Glen PS
1932,PRIMARY,Forest Lodge PS
2926,PRIMARY,Leppington PS
4276,PRIMARY,Thornleigh WPS
4360,PRIMARY,Cartwright PS
1824,PRIMARY,Elands PS
2012,PRIMARY,Glenorie PS
4534,PRIMARY,Orama PS
2444,PRIMARY,Macksville PS
4522,PRIMARY,Wamberal PS
4056,PRIMARY,Rooty Hill PS
1077,PRIMARY,Austral PS
4679,PRIMARY,Edmondson Park PS (Provisional)
4092,PRIMARY,Hannans Rd PS
4672,PRIMARY,Denham Crt PS
3822,PRIMARY,Sutherland NPS
3122,PRIMARY,Stratheden PS
1799,PRIMARY,Dural PS
1246,PRIMARY,Blackheath PS
2652,PRIMARY,Mt Victoria PS
4641,PRIMARY,Shell Cove PS
1254,PRIMARY,Blakebrook PS
1596,PRIMARY,Colyton PS
2237,CENTRAL_PRIMARY,Jindabyne CS
2831,PRIMARY,Pambula PS
2943,PRIMARY,Raymond Terrace PS
1816,PRIMARY,Eden PS
1196,PRIMARY,Ben Lomond PS
1258,PRIMARY,Blaxland PS
1727,PRIMARY,Dapto PS
1822,PRIMARY,Congewai PS
1495,PRIMARY,Canobolas PS
2910,PRIMARY,Punchbowl PS
2500,PRIMARY,Mathoura PS
4112,PRIMARY,Deniliquin SPS
4382,PRIMARY,Jasper Rd PS
4369,PRIMARY,Lewisham PS
1574,PRIMARY,Clunes PS
1230,PRIMARY,Binalong PS
3255,PRIMARY,Tregeagle PS
7419,PRIMARY,Glebe PS
4364,PRIMARY,Toongabbie WPS
3506,PRIMARY,Woolomin PS
1548,PRIMARY,The Channon PS
4042,PRIMARY,Lindsay Park PS
2436,PRIMARY,Lyndhurst PS
4193,PRIMARY,Blacktown SPS
2973,PRIMARY,Rockdale PS
1508,PRIMARY,Caringbah PS
2752,PRIMARY,Nimmitabel PS
3678,PRIMARY,Warwick Farm PS
4061,PRIMARY,Blacktown NPS
2554,PRIMARY,Millers Forest PS
2641,PRIMARY,Mt Kanwary PS
2373,PRIMARY,La Perouse PS
1421,PRIMARY,Bungendore PS
4319,PRIMARY,Sadleir PS
4609,PRIMARY,Grahamstown PS
2628,PRIMARY,Moruya PS
2758,PRIMARY,Narooma PS
4378,PRIMARY,Whalan PS
1841,PRIMARY,Emu Plains PS
3110,PRIMARY,Stockton PS
1224,PRIMARY,Bilambil PS
3996,PRIMARY,Fern Bay PS
4442,PRIMARY,Emu Hts PS
4474,PRIMARY,Widemere PS
5116,INFANTS,Glen Innes WIS
3559,PRIMARY,Yetman PS
1066,CENTRAL_PRIMARY,Ashford CS
2509,PRIMARY,Meadow Flat PS
3529,PRIMARY,Wyrallah PS
4634,PRIMARY,Dalmeny PS
3453,PRIMARY,Athelstane PS
7401,PRIMARY,Arncliffe PS
5141,PRIMARY,Kyeemagh PS
2980,PRIMARY,Whian Whian PS
1797,PRIMARY,Dunoon PS
3065,PRIMARY,Shortland PS
4097,PRIMARY,Tuggerawong PS
4517,PRIMARY,Gorokan PS
4183,PRIMARY,Budgewoi PS
2259,PRIMARY,Kanwal PS
3373,PRIMARY,Wangi Wangi PS
4206,PRIMARY,Biddabah PS
4132,PRIMARY,Arcadia Vale PS
3147,PRIMARY,Tacoma PS
2532,PRIMARY,Bonnells Bay PS
3537,PRIMARY,Yanderra PS
3459,PRIMARY,Windsor PS
4365,PRIMARY,Hornsby NPS
1503,PRIMARY,Caragabal PS
1249,PRIMARY,Black Mountain PS
1593,PRIMARY,Collins Ck  PS
4662,PRIMARY,Wentworth PPS
1608,PRIMARY,Concord WPS
2625,PRIMARY,Mortlake PS
3123,PRIMARY,Strathfield NPS
4655,PRIMARY,Victoria Ave PS
4553,PRIMARY,Wiley Park PS
2394,PRIMARY,Lidcombe PS
4065,PRIMARY,Villawood NPS
3250,PRIMARY,Toukley PS
2173,PRIMARY,Homebush PS
1112,PRIMARY,Ballina PS
1424,PRIMARY,Bungwahl PS
3439,PRIMARY,Wiangaree PS
2235,PRIMARY,Jiggi PS
4066,PRIMARY,Windsor SPS
2270,PRIMARY,Kegworth PS
2171,PRIMARY,Holgate PS
7411,PRIMARY,Croydon PS
3226,PRIMARY,Tomerong PS
1885,PRIMARY,Euston PS
1181,PRIMARY,Bellingen PS
4565,PRIMARY,Clare PS
3035,PRIMARY,Salt Ash PS
1135,PRIMARY,Barham PS
4054,PRIMARY,Kingscliff PS
1780,PRIMARY,Lismore PS
4085,PRIMARY,Lismore Hts PS
3856,PRIMARY,Wyrallah Rd PS
2167,PRIMARY,Hinton PS
2211,PRIMARY,Iona PS
4543,PRIMARY,Wilkins PS
1136,PRIMARY,Barkers Vale PS
2190,PRIMARY,Huntingdon PS
1681,PRIMARY,Crescent Head PS
4196,PRIMARY,Kempsey SPS
4426,PRIMARY,Killarney Vale PS
1203,PRIMARY,Berkeley Vale PS
4542,PRIMARY,Chittaway Bay PS
2499,PRIMARY,Mascot PS
3269,PRIMARY,Tuggerah PS
4024,PRIMARY,Sylvania Hts PS
2375,PRIMARY,Larnook PS
2931,PRIMARY,Raleigh PS
2685,PRIMARY,Murrumburrah PS
1611,PRIMARY,Condong PS
1189,PRIMARY,Bemboka PS
2226,PRIMARY,Jerilderie PS
1168,PRIMARY,Bega Valley PS
1606,PRIMARY,Conargo PS
1261,PRIMARY,Blighty PS
2508,PRIMARY,Mayrung PS
4590,PRIMARY,Hambledon PS
1286,PRIMARY,Bolwarra PS
4289,PRIMARY,Lurnea PS
4561,PRIMARY,Rutherford PS
1849,PRIMARY,The Entrance PS
3183,PRIMARY,Teralba PS
2064,PRIMARY,Granville PS
3987,PRIMARY,Katoomba NPS
3886,PRIMARY,McCallums Hill PS
3949,PRIMARY,Maitland PS
3180,PRIMARY,Tenambit PS
2362,PRIMARY,Lake Munmorah PS
1714,PRIMARY,Currabubula PS
3328,PRIMARY,Carramar PS
3124,PRIMARY,Strathfield SPS
2950,PRIMARY,Regents Park PS
4310,PRIMARY,Walters Rd PS
1472,PRIMARY,Cabramatta PS
5220,PRIMARY,Lansvale PS
5251,PRIMARY,Homebush WPS
3808,PRIMARY,Chullora PS
4502,PRIMARY,Petersham PS
3979,PRIMARY,Bellambi PS
3973,PRIMARY,Russell Vale PS
4296,PRIMARY,Woonona EPS
3510,PRIMARY,Woonona PS
5133,INFANTS,Stanford Merthyr IS
3960,PRIMARY,Waniora PS
1411,PRIMARY,Bulli PS
3201,PRIMARY,Thirroul PS
1076,PRIMARY,Austinmer PS
2314,PRIMARY,Kirkton PS
1494,PRIMARY,Canley Vale PS
4658,CENTRAL_PRIMARY,Lindfield LV
3153,PRIMARY,Tallimba PS
4588,PRIMARY,Northlakes PS
1323,PRIMARY,Botany PS
1809,PRIMARY,Panania PS
4605,PRIMARY,Alfords Pt PS
1587,PRIMARY,Coledale PS
3883,PRIMARY,Westmead PS
5191,PRIMARY,Hornsby SPS
3475,PRIMARY,Wollongbar PS
2037,PRIMARY,Goolmangar PS
1583,PRIMARY,Coffee Camp PS
1118,PRIMARY,Bangalow PS
1204,PRIMARY,Bermagui PS
1217,PRIMARY,Bexhill PS
2214,PRIMARY,Fernleigh PS
2520,PRIMARY,Menai PS
4491,PRIMARY,Sackville St PS
2187,PRIMARY,Hoxton Park PS
3668,PRIMARY,Cronulla SPS
4391,PRIMARY,Lansvale EPS
4084,PRIMARY,Lilli Pilli PS
3283,PRIMARY,Tuntable Ck  PS
1123,PRIMARY,Greenacre PS
1121,PRIMARY,Banksmeadow PS
2799,PRIMARY,Old Bar PS
2640,PRIMARY,Mt Hunter PS
1490,PRIMARY,Candelo PS
4569,PRIMARY,Robert Townson PS
1288,PRIMARY,Bombala PS
1297,PRIMARY,Bonville PS
3943,PRIMARY,Gordon WPS
1564,PRIMARY,Clarence Town PS
1377,PRIMARY,Brooklyn PS
3854,PRIMARY,Hazelbrook PS
4492,PRIMARY,Woodland Rd PS
2540,PRIMARY,Michelago PS
1760,PRIMARY,Doonside PS
1573,PRIMARY,Clovelly PS
3390,PRIMARY,Warrawee PS
2812,PRIMARY,Orange Grove PS
7435,PRIMARY,Rozelle PS
1826,PRIMARY,Ellalong PS
4337,PRIMARY,Busby PS
1252,PRIMARY,Blackville PS
2076,PRIMARY,Greenwich PS
1485,PRIMARY,Cammeray PS
2930,PRIMARY,Rainbow St PS
1209,PRIMARY,Berrima PS
2283,PRIMARY,Kensington PS
1335,PRIMARY,Bowral PS
3985,PRIMARY,Gordon EPS
3211,PRIMARY,Tibooburra Outback PS
4117,PRIMARY,Warnervale PS
3875,PRIMARY,Narwee PS
4432,PRIMARY,Mimosa PS
4646,PRIMARY,Elderslie PS
4675,PRIMARY,Porters Creek PS
1838,CENTRAL_PRIMARY,Emmaville CS
4637,PRIMARY,Woongarrah PS
4623,PRIMARY,Blue Haven PS
1634,PRIMARY,Coorabell PS
3378,PRIMARY,Wardell PS
4571,PRIMARY,Banks PS
2431,PRIMARY,Luddenham PS
4559,PRIMARY,Blackwell PS
3615,PRIMARY,Kemps Ck  PS
3200,PRIMARY,Thirlmere PS
2581,PRIMARY,Mittagong PS
1084,PRIMARY,Awaba PS
1969,PRIMARY,Gerogery PS
4190,PRIMARY,Black Springs PS
2496,PRIMARY,Marulan PS
2760,PRIMARY,Normanhurst PS
3422,PRIMARY,Wentworth Falls PS
4531,PRIMARY,St Clair PS
1177,PRIMARY,Bellbird PS
4527,PRIMARY,Clairgate PS
2381,PRIMARY,Lawson PS
4354,PRIMARY,Faulconbridge PS
3095,PRIMARY,Springwood PS
3290,PRIMARY,Tweed Hds PS
3091,PRIMARY,Spring Ridge PS
1001,PRIMARY,Abbotsford PS
1658,PRIMARY,Corowa PS
4055,PRIMARY,Oxley Park PS
3321,PRIMARY,Vacy PS
4554,PRIMARY,Prairievale PS
2675,CENTRAL_PRIMARY,Mungindi CS
2846,PRIMARY,Paxton PS
1307,PRIMARY,Boomi PS
3412,PRIMARY,Wee Jasper PS
3178,PRIMARY,Temora PS
3154,PRIMARY,Tallong PS
1257,PRIMARY,Blaxcell St PS
1414,PRIMARY,Bundanoon PS
2860,PRIMARY,Penrose PS
1749,PRIMARY,Denman PS
1674,PRIMARY,Crabbes Ck  PS
2890,PRIMARY,The Pocket PS
4539,PRIMARY,Thomas Acres PS
3168,PRIMARY,Taren Pt PS
8556,CENTRAL_PRIMARY,Alexandria Park CS
1685,PRIMARY,Crossmaglen PS
2330,PRIMARY,Kororo PS
3977,PRIMARY,Villawood EPS
2015,PRIMARY,Glenquarry PS
4529,PRIMARY,Glenwood PS
4195,PRIMARY,Warrimoo PS
4593,PRIMARY,Kearns PS
3008,PRIMARY,Rouse Hill PS
7412,PRIMARY,Croydon Park PS
3873,PRIMARY,Dobroyd Pt PS
3744,PRIMARY,Warragamba PS
2789,PRIMARY,Oakdale PS
3162,PRIMARY,Tarago PS
2327,PRIMARY,Kootingal PS
1361,PRIMARY,Broadwater PS
7422,PRIMARY,Kurri Kurri PS
2855,PRIMARY,Pelaw Main PS
1460,PRIMARY,Buxton PS
1542,PRIMARY,Cessnock PS
1545,PRIMARY,Cessnock WPS
2354,PRIMARY,Laggan PS
5118,PRIMARY,Harcourt PS
3165,PRIMARY,Tarcutta PS
2696,PRIMARY,Nambucca Hds PS
1745,PRIMARY,Delegate PS
2340,PRIMARY,Kurmond PS
4578,PRIMARY,Teven-Tintenbar PS
4313,PRIMARY,Blaxland EPS
3461,PRIMARY,Wingello PS
2631,PRIMARY,Moss Vale PS
1081,PRIMARY,Avoca PS
1445,PRIMARY,Burrawang PS
3866,PRIMARY,Towradgi PS
3143,PRIMARY,Sylvania PS
2255,PRIMARY,Kangaloon PS
2736,PRIMARY,Newcastle EPS
3659,PRIMARY,Sussex Inlet PS
1340,CENTRAL_PRIMARY,Braidwood CS
4536,PRIMARY,Bangor PS
4404,PRIMARY,Narranga PS
2256,PRIMARY,Kangaroo Valley PS
1584,PRIMARY,Coffs Harbour PS
4557,PRIMARY,Sandy Beach PS
4606,PRIMARY,Mullaway PS
1453,PRIMARY,Burrumbuttock PS
2278,PRIMARY,Kempsey EPS
1266,PRIMARY,Boambee PS
3503,PRIMARY,Woolgoolga PS
2071,PRIMARY,Green Hill PS
3070,PRIMARY,Singleton PS
2117,PRIMARY,Haberfield PS
1065,PRIMARY,Ashfield PS
4560,PRIMARY,Samuel Terry PS
3221,PRIMARY,Tintinhull PS
4541,PRIMARY,Werrington County PS
3833,PRIMARY,Wahroonga PS
5195,INFANTS,Hurstville Grove IS
4625,PRIMARY,Currans Hill PS
1471,PRIMARY,Cabbage Tree IPS
1227,PRIMARY,Ocean Shores PS
4292,PRIMARY,Engadine WPS
1389,PRIMARY,Brunswick Hds PS
4657,PRIMARY,Spring Farm PS
7432,PRIMARY,Paddington PS
4597,PRIMARY,Mt Annan PS
3338,PRIMARY,Walbundrie PS
2793,PRIMARY,The Oaks PS
1580,PRIMARY,Cobbitty PS
1793,PRIMARY,Dungowan PS
2236,PRIMARY,Jilliby PS
4618,PRIMARY,Nth Nowra PS
1770,PRIMARY,Douglas Park PS
2109,PRIMARY,Gunnedah PS
8271,CENTRAL_PRIMARY,Lucas Hts CS
2260,PRIMARY,Karangi PS
2955,PRIMARY,Repton PS
3173,PRIMARY,Tathra PS
1635,PRIMARY,Cooranbong PS
3777,PRIMARY,Pymble PS
1015,PRIMARY,Albion Park PS
4424,PRIMARY,Lapstone PS
2769,PRIMARY,Nowra PS
2372,PRIMARY,Upper Lansdowne PS
3136,PRIMARY,Sutherland PS
1886,CENTRAL_PRIMARY,Evans River CS
1891,PRIMARY,Exeter PS
3103,PRIMARY,Stanwell Park PS
2849,PRIMARY,Peakhurst PS
3490,PRIMARY,Woodburn PS
2616,PRIMARY,Moorland PS
3006,PRIMARY,Rous PS
1670,PRIMARY,Cowper PS
2334,PRIMARY,Kulnura PS
2867,PRIMARY,Picton PS
1082,PRIMARY,Avoca Beach PS
4548,PRIMARY,Copacabana PS
2083,PRIMARY,Gresford PS
4466,PRIMARY,Mawarra PS
3119,PRIMARY,Stratford PS
1402,CENTRAL_PRIMARY,Bulahdelah CS
4583,PRIMARY,Edensor Park PS
2075,PRIMARY,Green Valley PS
3078,PRIMARY,Somersby PS
1802,PRIMARY,Duri PS
1016,PRIMARY,Timbumburi PS
3239,PRIMARY,Toomelah PS
2827,PRIMARY,Pallamallawa PS
3826,PRIMARY,Gwynneville PS
4397,PRIMARY,Wyoming PS
3954,PRIMARY,Wollongong PS
4612,PRIMARY,Broulee PS
4095,PRIMARY,Mt Ousley PS
2246,PRIMARY,The Junction PS
3932,PRIMARY,Waratah WPS
4433,PRIMARY,Wideview PS
2333,PRIMARY,Krambach PS
3903,PRIMARY,Glen Alice PS
1228,PRIMARY,Bilpin PS
4501,PRIMARY,Barrack Hts PS
3566,PRIMARY,Zig Zag PS
1952,PRIMARY,Galston PS
1205,PRIMARY,Berowra PS
3632,PRIMARY,Fairfield Hts PS
3163,PRIMARY,Taralga PS
2695,PRIMARY,Nabiac PS
2454,PRIMARY,Malabar PS
2665,PRIMARY,Mullumbimby PS
2027,PRIMARY,Gol Gol PS
3421,PRIMARY,Wentworth PS
1732,PRIMARY,Dareton PS
3158,PRIMARY,Tamworth WPS
3048,PRIMARY,Seaham PS
2730,PRIMARY,Neutral Bay PS
1856,PRIMARY,Erina Hts PS
4611,PRIMARY,Hallidays Pt PS
2647,PRIMARY,Mt Pleasant PS
1276,PRIMARY,Boggabri PS
4486,PRIMARY,Singleton Hts PS
1632,PRIMARY,Coopernook PS
4647,PRIMARY,Middleton Grange PS
4635,PRIMARY,Cecil Hills PS
4613,PRIMARY,Hinchinbrook PS
1201,PRIMARY,Beresfield PS
2820,PRIMARY,Ourimbah PS
2515,PRIMARY,Megalong PS
2965,PRIMARY,Richmond NPS
1551,PRIMARY,Pacific Palms PS
1627,PRIMARY,Coolongolook PS
1504,PRIMARY,Carcoar PS
1483,PRIMARY,Camdenville PS
7431,PRIMARY,Newtown PS
7436,PRIMARY,Stanmore PS
4506,PRIMARY,Toormina PS
2896,PRIMARY,Port Kembla PS
1360,PRIMARY,Bringelly PS
2887,PRIMARY,Plumpton PS
4648,PRIMARY,John Palmer PS
2182,PRIMARY,Horsley Park PS
2797,PRIMARY,Oberon PS
5212,PRIMARY,Beauty Pt PS
1943,PRIMARY,Frederickton PS
2366,PRIMARY,Lambton PS
7314,PRIMARY,Wingham PS
2660,PRIMARY,Mullaley PS
1311,PRIMARY,Booral PS
1150,PRIMARY,Bathurst PS
3219,PRIMARY,Tinonee PS
2370,PRIMARY,Lansdowne PS
3125,PRIMARY,Stroud PS
3126,PRIMARY,Stroud Rd PS
1840,PRIMARY,Empire Vale PS
1111,PRIMARY,Ballimore PS
2732,PRIMARY,Neville PS
4566,PRIMARY,Brooke Ave PS
1708,PRIMARY,Cundletown PS
1742,PRIMARY,Deepwater PS
3191,PRIMARY,Terrigal PS
2725,PRIMARY,Nemingha PS
1030,PRIMARY,Alstonville PS
2585,PRIMARY,Modanville PS
2526,PRIMARY,Merimbula PS
2917,PRIMARY,Quaama PS
1272,PRIMARY,Bodalla PS
4575,PRIMARY,Wingham Brush PS
3167,PRIMARY,Taree PS
3909,PRIMARY,Taree WPS
4014,PRIMARY,Chatham PS
1879,PRIMARY,Eureka PS
1167,PRIMARY,Beelbangera PS
2664,PRIMARY,Mullion Ck  PS
4437,PRIMARY,Hillvue PS
4027,PRIMARY,Griffith NPS
1864,PRIMARY,Ettalong PS
1051,CENTRAL_PRIMARY,Ardlethan CS
2935,PRIMARY,Rankins Springs PS
1991,PRIMARY,Gladstone PS
3561,PRIMARY,Yoogali PS
2363,PRIMARY,Lake Wyangan PS
1994,PRIMARY,Glenbrook PS
3176,PRIMARY,Telegraph Pt PS
3185,PRIMARY,Terara PS
1449,PRIMARY,Burringbar PS
3673,PRIMARY,St Georges Basin PS
1642,PRIMARY,Copmanhurst PS
3797,PRIMARY,Oatley WPS
4552,PRIMARY,Manning Gardens PS
1607,PRIMARY,Concord PS
3346,PRIMARY,Wallacia PS
1792,PRIMARY,Dungog PS
1055,CENTRAL_PRIMARY,Ariah Park CS
2796,PRIMARY,Oatley PS
1974,PRIMARY,Sandy Hollow PS
4268,PRIMARY,Griffith EPS
2492,PRIMARY,Martindale PS
1296,PRIMARY,Bonshaw PS
2948,PRIMARY,Red Range PS
3214,PRIMARY,Central Tilba PS
1915,PRIMARY,Fingal Head PS
3025,PRIMARY,Rylstone PS
2550,PRIMARY,Milbrodale PS
3491,CENTRAL_PRIMARY,Woodenbong CS
4639,PRIMARY,Kellyville Ridge PS
2005,PRIMARY,Glen Innes PS
2983,PRIMARY,Rocky River PS
3416,PRIMARY,Wee Waa PS
2494,PRIMARY,Martins Gully PS
1789,CENTRAL_PRIMARY,Dunedoo CS
2465,PRIMARY,Manildra PS
2668,PRIMARY,Clergate PS
5265,PRIMARY,Bletchington PS
3626,PRIMARY,Enngonia PS
2919,PRIMARY,Quambone PS
3501,PRIMARY,Woolbrook PS
4103,PRIMARY,Telopea PS
2280,PRIMARY,Kendall PS
2902,PRIMARY,Pretty Beach PS
2558,PRIMARY,Millthorpe PS
2432,PRIMARY,Lue PS
2353,PRIMARY,Ladysmith PS
1499,PRIMARY,Uranquinty PS
1712,PRIMARY,Curlewis PS
1350,CENTRAL_PRIMARY,Brewarrina CS
3342,PRIMARY,Walgett CCPS
4631,PRIMARY,Surveyors Ck  PS
1601,PRIMARY,Comboyne PS
2131,PRIMARY,Hannam Vale PS
4375,PRIMARY,Ashmont PS
3046,PRIMARY,Schofields PS
4653,PRIMARY,Riverbank PS
4411,PRIMARY,Westport PS
3499,PRIMARY,Woodstock PS
4682,PRIMARY,Gregory Hills PS
4667,PRIMARY,Gledswood Hills PS
3947,PRIMARY,Quirindi PS
3345,PRIMARY,Wallabadah PS
4591,PRIMARY,Glenmore Park PS
2565,PRIMARY,Milton PS
3402,PRIMARY,Wattle Flat PS
2254,PRIMARY,Kandos PS
5242,PRIMARY,Mulyan PS
2172,PRIMARY,Holmwood PS
2070,PRIMARY,Greenethorpe PS
3451,PRIMARY,Willow Tree PS
4305,PRIMARY,Weilmoringle PS
2951,PRIMARY,Regentville PS
1700,PRIMARY,Cullen Bullen PS
4544,PRIMARY,Jamisontown PS
4482,PRIMARY,York PS
2659,PRIMARY,Mulgoa PS
4677,PRIMARY,Nangamay PS
1447,PRIMARY,Burren Junction PS
3580,PRIMARY,Rowena PS
4118,PRIMARY,Moree EPS
2038,PRIMARY,Gooloogong PS
1507,PRIMARY,Carinda PS
4454,PRIMARY,Marra Ck  PS
4233,PRIMARY,Railway Town PS
1371,PRIMARY,Broken Hill NPS
3741,PRIMARY,Goulburn WPS
4428,PRIMARY,Southern Cross CS
1684,PRIMARY,Crookwell PS
1723,PRIMARY,Dalton PS
2897,CENTRAL_PRIMARY,Portland CS
3031,PRIMARY,St Marys PS
4410,PRIMARY,Red Hill PS
4484,PRIMARY,Cambridge Gardens PS
1256,PRIMARY,Blandford PS
7311,PRIMARY,Scone PS
1182,PRIMARY,Belltrees PS
1002,PRIMARY,Aberdeen PS
2688,PRIMARY,Muswellbrook PS
2870,PRIMARY,Pilliga PS
1631,PRIMARY,Coonamble PS
2798,PRIMARY,O'Connell PS
2410,PRIMARY,Lithgow PS
4173,PRIMARY,Kooringal PS
4215,PRIMARY,Mt Austin PS
4209,PRIMARY,Temora WPS
1175,PRIMARY,Bellata PS
2115,PRIMARY,Gwabegar PS
2094,CENTRAL_PRIMARY,Gulargambone CS
1630,PRIMARY,Coonabarabran PS
1345,PRIMARY,Breadalbane PS
2423,PRIMARY,Long Flat PS
2357,PRIMARY,Lake Albert PS
4144,PRIMARY,Turvey Park PS
3333,PRIMARY,Sth Wagga PS
4262,PRIMARY,Mallawa PS
3717,PRIMARY,Croppa Ck  PS
1579,PRIMARY,Cobargo PS
3242,PRIMARY,Tooraweenah PS
2136,PRIMARY,Hargraves PS
2669,PRIMARY,Mumbil PS
3127,PRIMARY,Stuart Town PS
2201,PRIMARY,Ilford PS
1501,PRIMARY,Capertee PS
1956,PRIMARY,Garah PS
1275,CENTRAL_PRIMARY,Boggabilla CS
1926,PRIMARY,Forbes PS
2704,PRIMARY,Narellan PS
4628,PRIMARY,Harrington Park PS
2590,CENTRAL_PRIMARY,Molong CS
3077,PRIMARY,Sofala PS
4457,PRIMARY,Sturt PS
1930,PRIMARY,Forest Hill PS
1231,PRIMARY,Binda PS
4406,PRIMARY,Bradfordville PS
2111,PRIMARY,Gunning PS
2267,PRIMARY,Kearsley PS
1695,PRIMARY,Cudal PS
2714,PRIMARY,Nashdale PS
3487,PRIMARY,Wongarbon PS
4538,PRIMARY,Bowen PS
1334,PRIMARY,Bowning PS
2811,PRIMARY,Orange EPS
2326,PRIMARY,Koorawatha PS
1130,CENTRAL_PRIMARY,Baradine CS
2036,PRIMARY,Goolma PS
3254,CENTRAL_PRIMARY,Trangie CS
3425,PRIMARY,Werris Ck  PS
4018,PRIMARY,Gunnedah SPS
1870,PRIMARY,Eugowra PS
1506,PRIMARY,Cargo PS
3260,PRIMARY,Trunkey PS
2974,PRIMARY,Rockley PS
3847,PRIMARY,Bathurst SPS
2862,PRIMARY,Perthville PS
1247,PRIMARY,Black Hill PS
2161,PRIMARY,Hill End PS
1207,PRIMARY,Berrigan PS
2429,PRIMARY,Lowesdale PS
3923,PRIMARY,Kapooka PS
4670,PRIMARY,Galungara PS
4576,PRIMARY,William Dean PS
2970,PRIMARY,Riverstone PS
4598,PRIMARY,Hassall Grove PS
2918,PRIMARY,Quakers Hill PS
2275,PRIMARY,Kelso PS
1260,PRIMARY,Blayney PS
4564,PRIMARY,Wirreanda PS
1223,PRIMARY,Bigga PS
4562,PRIMARY,Sunshine Bay PS
2686,PRIMARY,Murrurundi PS
3365,PRIMARY,Wanaaring PS
1432,PRIMARY,Burke Ward PS
2523,CENTRAL_PRIMARY,Menindee CS
1369,PRIMARY,Broken Hill PS
1814,PRIMARY,Ebor PS
1198,PRIMARY,Ben Venue PS
1057,PRIMARY,Armidale City PS
1979,PRIMARY,Gilgandra PS
2522,CENTRAL_PRIMARY,Mendooran CS
1165,PRIMARY,Beechwood PS
3404,PRIMARY,Wauchope PS
2751,CENTRAL_PRIMARY,Nimbin CS
3298,PRIMARY,Uki PS
1028,PRIMARY,Alma PS
3760,PRIMARY,Upper Coopers Ck  PS
4478,PRIMARY,Newling PS
5696,PRIMARY,Sandon PS
2033,CENTRAL_PRIMARY,Goodooga CS
1237,CENTRAL_PRIMARY,Binnaway CS
1527,PRIMARY,Cassilis PS
2157,PRIMARY,Herons Ck  PS
4654,PRIMARY,Lake Cathie PS
7416,PRIMARY,Eastwood PS
2895,PRIMARY,Pooncarie PS
2893,PRIMARY,Pomona PS
3912,PRIMARY,Palinyewah PS
1688,PRIMARY,Buronga PS
2395,CENTRAL_PRIMARY,Lightning Ridge CS
2273,PRIMARY,Kellys Plains PS
1867,PRIMARY,Euabalong WPS
1415,CENTRAL_PRIMARY,Bundarra CS
1293,PRIMARY,Bongongo PS
1387,PRIMARY,Brungle PS
3981,PRIMARY,Chester Hill NPS
4438,PRIMARY,Wollondilly PS
2623,PRIMARY,Morpeth PS
2681,PRIMARY,Murringo PS
1543,PRIMARY,Cessnock EPS
2035,PRIMARY,Goolgowi PS
1238,PRIMARY,Binya PS
3554,PRIMARY,Yenda PS
4680,PRIMARY,Googong PS
2286,PRIMARY,Kentucky PS
4394,PRIMARY,Queanbeyan SPS
4633,PRIMARY,Jerrabomberra PS
2103,PRIMARY,Gundagai SPS
2102,PRIMARY,Gundagai PS
3855,PRIMARY,Turramurra PS
2886,PRIMARY,Pleasant Hls PS
3195,PRIMARY,Tharbogang PS
2087,PRIMARY,Griffith PS
2132,PRIMARY,Hanwood PS
2310,PRIMARY,Kingstown PS
1058,PRIMARY,Drummond MPS
2699,PRIMARY,Nangus PS
1883,PRIMARY,Eurongilly PS
2203,PRIMARY,Illabo PS
2248,PRIMARY,Junee NPS
2145,PRIMARY,Hay PS
3218,PRIMARY,Tingha PS
2100,PRIMARY,Gum Flat PS
1978,PRIMARY,Gilgai PS
2209,PRIMARY,Inverell PS
2082,PRIMARY,Grenfell PS
2920,PRIMARY,Quandialla PS
2599,PRIMARY,Monteagle PS
4241,PRIMARY,Cromer PS
3885,PRIMARY,Mt Colah PS
4403,PRIMARY,Bradbury PS
1486,PRIMARY,Campbelltown PS
4348,CENTRAL_PRIMARY,Coleambally CS
1736,PRIMARY,Darlington Pt PS
2068,PRIMARY,Gravesend PS
2116,PRIMARY,Gymea Bay PS
3914,PRIMARY,Grays Pt PS
4075,PRIMARY,Kirrawee PS
4124,PRIMARY,Yowie Bay PS
2448,PRIMARY,Maimuru PS
1354,PRIMARY,Bribbaree PS
4131,PRIMARY,Young NPS
3482,PRIMARY,Wombat PS
4318,PRIMARY,Hillsborough PS
2386,PRIMARY,Leeton PS
3536,PRIMARY,Yanco PS
2710,PRIMARY,Narrandera PS
2501,PRIMARY,Matong PS
4194,PRIMARY,Charlestown EPS
3874,PRIMARY,Kahibah PS
4127,PRIMARY,Queanbeyan WPS
2946,PRIMARY,Redhead PS
3353,PRIMARY,Wallendbeen PS
4485,PRIMARY,Culburra PS
2708,PRIMARY,Narrabri PS
1747,PRIMARY,Delungra PS
1234,CENTRAL_PRIMARY,Bingara CS
1140,CENTRAL_PRIMARY,Barraba CS
1954,PRIMARY,Ganmain PS
1624,CENTRAL_PRIMARY,Coolamon CS
2485,PRIMARY,Marrar PS
3109,PRIMARY,Stockinbingal PS
2574,PRIMARY,Miranda PS
1835,PRIMARY,Eltham PS
4371,PRIMARY,Queanbeyan EPS
1502,PRIMARY,Captains Flat PS
1347,PRIMARY,Bredbo PS
3364,PRIMARY,Wamoon PS
3525,PRIMARY,Wyndham PS
3925,PRIMARY,Curl Curl NPS
4021,PRIMARY,Manly Vale PS
3454,PRIMARY,Wilsons Ck  PS
3927,PRIMARY,Belmont NPS
4379,PRIMARY,Floraville PS
3643,PRIMARY,Stuarts Pt PS
3556,PRIMARY,Yerong Ck  PS
2343,PRIMARY,Kurrajong EPS
4214,INFANTS,Narrandera EIS
3893,PRIMARY,Windale PS
4324,PRIMARY,Charlestown SPS
1550,PRIMARY,Charlestown PS
1008,PRIMARY,Adamstown PS
4416,PRIMARY,Merewether Hts PS
2632,PRIMARY,Moulamein PS
1895,PRIMARY,Fairfield PS
4166,PRIMARY,Marayong PS
4413,PRIMARY,Parkview PS
3827,PRIMARY,Narraweena PS
1425,PRIMARY,Bunnaloo PS
2584,PRIMARY,Moama PS
3272,CENTRAL_PRIMARY,Tullibigeal CS
2791,CENTRAL_PRIMARY,Oaklands CS
3438,PRIMARY,Whitton-Murrami PS
4199,PRIMARY,Elanora Hts PS
3358,PRIMARY,West Wallsend PS
3564,PRIMARY,Edgeworth PS
4155,PRIMARY,Edgeworth Hts PS
3904,PRIMARY,Argenton PS
2658,PRIMARY,Mulbring PS
4207,PRIMARY,Glendale EPS
4418,PRIMARY,Edward PS
4281,PRIMARY,Deniliquin NPS
3314,PRIMARY,Urana PS
2418,CENTRAL_PRIMARY,Lockhart CS
1318,PRIMARY,Boree Ck  PS
2922,PRIMARY,Queanbeyan PS
3798,PRIMARY,New Lambton SPS
1744,PRIMARY,Dee Why PS
4469,PRIMARY,Jewells Primary School
3762,PRIMARY,Wiripaang PS
1778,PRIMARY,Dudley PS
4525,PRIMARY,Braddock PS
4049,PRIMARY,Mt Kuring-gai PS
2114,CENTRAL_PRIMARY,Guyra CS
7305,CENTRAL_PRIMARY,Manilla CS
3864,CENTRAL_PRIMARY,Uralla CS
1071,PRIMARY,Attunga PS
3382,PRIMARY,Warialda PS
2997,PRIMARY,Ross Hill PS
1137,PRIMARY,Barmedman PS
3415,PRIMARY,Weethalle PS
1164,PRIMARY,Bedgerabong PS
3519,PRIMARY,West Wyalong PS
1520,PRIMARY,Carroll PS
1379,PRIMARY,Brookvale PS
4603,PRIMARY,St Helens Park PS
4537,PRIMARY,Rosemeadow PS
2469,PRIMARY,Manly WPS
4638,PRIMARY,Ironbark Ridge PS
4664,PRIMARY,Nth Kellyville PS
4630,PRIMARY,Beaumont Hls PS
3329,PRIMARY,Vineyard PS
5260,PRIMARY,Cardiff NPS
3851,PRIMARY,Wallsend SPS
3518,PRIMARY,Wyalong PS
2701,PRIMARY,Naradhan PS
3895,PRIMARY,Cardiff SPS
1505,PRIMARY,Cardiff PS
4203,PRIMARY,Kotara SPS
2738,PRIMARY,New Lambton PS
4579,PRIMARY,James Erskine PS
1302,PRIMARY,Boolaroo PS
4136,PRIMARY,Garden Suburb PS
1138,PRIMARY,Barnsley PS
3083,PRIMARY,Sth West Rocks PS
1274,PRIMARY,Bogan Gate PS
1609,PRIMARY,Condobolin PS
2359,CENTRAL_PRIMARY,Lake Cargelligo CS
4163,PRIMARY,Elermore Vale PS
2996,PRIMARY,Rosewood PS
1152,CENTRAL_PRIMARY,Batlow THS
3278,PRIMARY,Tumut PS
4370,PRIMARY,Belair PS
1115,CENTRAL_PRIMARY,Balranald CS
3945,PRIMARY,Finley PS
3336,PRIMARY,Wakool Burraboi PS
2165,CENTRAL_PRIMARY,Hillston CS
1698,PRIMARY,Culcairn PS
2154,PRIMARY,Henty PS
2976,CENTRAL_PRIMARY,The Rock CS
4456,PRIMARY,Franklin PS
1009,PRIMARY,Adelong PS
2247,PRIMARY,Junee PS
2188,PRIMARY,Humula PS
3431,PRIMARY,Weston PS
1578,PRIMARY,Cobar PS
1986,PRIMARY,Girilambone PS
1290,CENTRAL_PRIMARY,Bonalbo CS
3392,CENTRAL_PRIMARY,Warren CS
3259,CENTRAL_PRIMARY,Trundle CS
1894,PRIMARY,Fairfax PS
3079,PRIMARY,Somerton PS
2785,PRIMARY,Nyngan PS
2800,PRIMARY,Old Bonalbo PS
2848,CENTRAL_PRIMARY,Peak Hill CS
1707,PRIMARY,Cumnock PS
5166,PRIMARY,Casino WPS
2608,PRIMARY,Moonbi PS
1191,PRIMARY,Bendemeer PS
1771,PRIMARY,Drake PS
3549,PRIMARY,Yass PS
2835,PRIMARY,Parkes PS
4089,PRIMARY,Middleton PS
4270,PRIMARY,Khancoban PS
4374,PRIMARY,Talbingo PS
3860,PRIMARY,Oak Flats PS
4610,PRIMARY,Mt Terry PS
1211,PRIMARY,Berry PS
1481,PRIMARY,Cambewarra PS
1287,PRIMARY,Bomaderry PS
1202,PRIMARY,Berkeley PS
4463,PRIMARY,Flinders PS
1149,PRIMARY,Batemans Bay PS
1346,PRIMARY,Colo Hts PS
1901,PRIMARY,Falls Ck  PS
4626,PRIMARY,Callala PS
2170,PRIMARY,Holbrook PS
2378,PRIMARY,Lavington PS
4468,PRIMARY,Glenroy PS
4523,PRIMARY,Springdale Hts PS
3208,PRIMARY,Thurgoona PS
4246,PRIMARY,Illaroo Rd PS
4409,PRIMARY,Koonawarra PS
2218,PRIMARY,Jamberoo PS
1604,PRIMARY,Comleroy Rd PS
4452,PRIMARY,Hobartville PS
1433,PRIMARY,Burnside PS
1017,PRIMARY,Albury PS
4168,PRIMARY,Lavington EPS
4407,PRIMARY,Hume PS
3922,PRIMARY,Albury NPS
2199,PRIMARY,Huskisson PS
4592,PRIMARY,Vincentia PS
4121,PRIMARY,Albion Park Rail PS
1526,PRIMARY,Casino PS
2142,PRIMARY,Harwood Island PS
4071,PRIMARY,Oatlands PS
3840,PRIMARY,Parramatta EPS
2764,PRIMARY,Nth Rocks PS
3156,PRIMARY,Tambar Springs PS
1553,PRIMARY,Chatsworth IPS
3555,CENTRAL_PRIMARY,Yeoval CS
3270,CENTRAL_PRIMARY,Tullamore CS
1740,PRIMARY,Leeville PS
2937,PRIMARY,Rappville PS
4204,PRIMARY,Parkes EPS
3249,CENTRAL_PRIMARY,Tottenham CS
2379,PRIMARY,Lawrence PS
5238,PRIMARY,Westlawn PS
3190,PRIMARY,Terrey Hls PS
3792,PRIMARY,Avalon PS
4359,PRIMARY,Bilgola Plateau PS
1326,PRIMARY,Bourke PS
2204,PRIMARY,Iluka PS
2829,PRIMARY,Palmers Island PS
3533,PRIMARY,Yamba PS
3946,PRIMARY,Maclean PS
2099,PRIMARY,Gulmarrad PS
3236,PRIMARY,Main Arm Upper PS
4673,PRIMARY,Northbourne PS
4669,PRIMARY,Jordan Springs PS
2648,PRIMARY,Mt Pritchard PS
4210,PRIMARY,Mt Pritchard Est PS
2413,PRIMARY,Llandilo PS
4645,PRIMARY,Ropes Crossing PS
4470,PRIMARY,Willmot PS
4408,PRIMARY,Lethbridge Park PS
4402,PRIMARY,Tregear PS
4205,PRIMARY,St Marys NPS
3263,PRIMARY,Tucabia PS
2042,PRIMARY,Goonengerry PS
4312,PRIMARY,Ringrose PS
2319,PRIMARY,Kogarah PS
1513,PRIMARY,Carlton SPS
1776,PRIMARY,Dubbo NPS
4549,PRIMARY,Orana Hts PS
3591,PRIMARY,Dubbo WPS
4616,PRIMARY,Buninyong PS
1811,PRIMARY,Dubbo SPS
4100,PRIMARY,Forbes NPS
3075,PRIMARY,Smithtown PS
2709,PRIMARY,Narrabri WPS
3235,CENTRAL_PRIMARY,Tooleybuc CS
3316,PRIMARY,Urbenville PS
2489,PRIMARY,Marsden Park PS
2671,PRIMARY,Mummulgum PS
3145,PRIMARY,Tabulam PS
2464,PRIMARY,Manifold PS
3563,PRIMARY,Young PS
1636,PRIMARY,Cootamundra PS
1944,PRIMARY,Freemans Reach PS
2409,PRIMARY,Lismore SPS
1492,PRIMARY,Caniaba PS
4383,PRIMARY,E A Southee PS
3275,PRIMARY,Tumbarumba PS
2239,PRIMARY,Jindera PS
3594,PRIMARY,Louth PS
2155,PRIMARY,Hermidale PS
8503,HIGH_COED,Billabong HS
8266,HIGH_COED,James Fallon HS
8505,HIGH_COED,Murray HS
8458,HIGH_COED,Kingswood HS
8559,HIGH_COED,Jamison HS
8502,HIGH_COED,Tomaree HS
8227,HIGH_COED,Merrylands HS
8404,HIGH_COED,Endeavour Sp HS
8536,HIGH_COED,Narooma HS
2675,CENTRAL_HIGH,Mungindi CS
8246,HIGH_COED,Heathcote HS
8577,HIGH_COED,Byron Bay HS
8195,HIGH_COED,Ballina Coast HS
8437,HIGH_COED,Kirrawee HS
8443,HIGH_COED,Colyton HS
8448,HIGH_COED,Bomaderry HS
8465,HIGH_COED,TLSC The Entrance
8269,HIGH_COED,Chester Hill HS
8440,HIGH_COED,Warners Bay HS
8197,HIGH_COED,Wellington HS
8252,HIGH_COED,Strathfield SHS
8418,HIGH_COED,Warilla HS
8204,HIGH_COED,Dapto HS
8462,HIGH_COED,Narromine HS
8180,HIGH_COED,Campbelltown PAHS
8259,HIGH_COED,Callaghan Wallsend
8822,HIGH_GIRLS,Macarthur GHS
8548,HIGH_COED,Woolgoolga HS
8171,HIGH_COED,Kiama HS
8550,HIGH_COED,Fairfield HS
8384,HIGH_COED,Westfields Sp HS
8393,HIGH_COED,Canley Vale HS
8535,HIGH_COED,Concord HS
8913,HIGH_COED,Inner Sydney HS
8595,HIGH_COED,Nambucca Hds HS
8833,HIGH_COED,Dulwich HS of Visual Arts and Design
8545,HIGH_COED,Sth Sydney HS
8553,HIGH_COED,Macquarie Fields HS
8174,HIGH_COED,Quirindi HS
8546,HIGH_COED,Gulgong HS
8232,HIGH_COED,Chatswood HS
8411,HIGH_COED,West Wallsend HS
8184,HIGH_BOYS,Punchbowl BHS
8261,HIGH_COED,Cronulla HS
8177,HIGH_COED,Kurri Kurri HS
8917,HIGH_COED,Murrumbidgee RHS
8582,HIGH_COED,Bossley Park HS
8466,HIGH_COED,Glendale Technology HS
8284,HIGH_COED,GRC Oatley SC
8385,HIGH_COED,Greystanes HS
8532,HIGH_COED,Leumeah HS
8236,HIGH_COED,Blakehurst HS
8547,HIGH_COED,Northlakes HS
8515,HIGH_COED,Gorokan HS
8372,HIGH_COED,The Forest HS
8479,HIGH_COED,Davidson HS
8400,HIGH_COED,St Ives HS
8416,HIGH_COED,Ku-ring-gai HS
8909,HIGH_COED,Toronto HS
8583,HIGH_COED,Menai HS
8870,HIGH_COED,St Marys Snr HS
8496,HIGH_COED,Chifley Shalvey
8135,HIGH_COED,Parramatta HS
8223,HIGH_COED,Bass HS
8531,HIGH_COED,St Johns Park HS
8433,HIGH_COED,Woolooware HS
8209,HIGH_COED,Cabramatta HS
8230,HIGH_COED,Port Hacking HS
8218,HIGH_COED,Deniliquin HS
8360,HIGH_COED,Finley HS
8219,HIGH_COED,Hunter River HS
8203,HIGH_COED,Belmont HS
1921,CENTRAL_HIGH,Lord Howe ICS
8457,HIGH_COED,Killara HS
8178,HIGH_COED,Richmond HS
8415,HIGH_COED,Ryde SC
8395,HIGH_COED,Pendle Hill HS
8229,HIGH_COED,Northmead CPAHS
1275,CENTRAL_HIGH,Boggabilla CS
2897,CENTRAL_HIGH,Portland CS
8539,HIGH_COED,SSC Blackwattle Bay
8270,HIGH_COED,Wee Waa HS
8233,HIGH_COED,Hunter Sp HS
8207,HIGH_COED,Hunters Hill HS
8129,HIGH_COED,Murwillumbah HS
8244,HIGH_BOYS,Blacktown BHS
8530,HIGH_COED,Newtown HS of Performing Arts
8173,HIGH_COED,Wauchope HS
8280,HIGH_COED,Camden Haven HS
8401,HIGH_COED,Lurnea HS
8263,HIGH_COED,J J Cahill MHS
8573,HIGH_COED,Winmalee HS
8560,HIGH_COED,Prairiewood HS
8540,HIGH_COED,Marrickville HS
8262,HIGH_COED,Ingleburn HS
8509,HIGH_COED,Newcastle HS
8494,HIGH_COED,Coomealla HS
8476,HIGH_COED,Casula HS
8507,HIGH_COED,SSC Leichhardt
8484,HIGH_COED,SSC Balmain
8176,HIGH_GIRLS,Liverpool GHS
8884,HIGH_BOYS,Epping BHS
8564,HIGH_COED,Holsworthy HS
8851,HIGH_BOYS,NBSC Balgowlah Boys
8831,HIGH_GIRLS,NBSC Mackellar Girls
8105,HIGH_COED,Broken Hill HS
2523,CENTRAL_HIGH,Menindee CS
8543,HIGH_COED,Dubbo Delroy
8126,HIGH_COED,Maitland HS
8127,HIGH_COED,Maitland Grossmann HS
8254,HIGH_GIRLS,Bankstown GHS
8508,HIGH_COED,Callaghan Waratah Tech
8511,HIGH_COED,NBSC Cromer
8528,HIGH_COED,Chifley Bidwill
8432,HIGH_COED,Engadine HS
8463,HIGH_COED,Sylvania HS
8386,HIGH_COED,Gymea THS
8124,HIGH_COED,TRSC Lismore
8852,HIGH_COED,The Jannali HS
8541,HIGH_COED,Keira HS
8143,HIGH_COED,Wollongong HS of the Performing Arts
8410,HIGH_COED,Woonona HS
8878,HIGH_COED,Bulli HS
8568,HIGH_COED,NBSC Freshwater Snr
8456,HIGH_COED,Fairvale HS
8480,HIGH_COED,Warrawong HS
8906,HIGH_COED,Oak Flats HS
8326,HIGH_COED,Mosman HS
8521,HIGH_COED,Elderslie HS
8191,HIGH_COED,Corrimal HS
8544,HIGH_COED,Lisarow HS
8916,HIGH_COED,Oran Park HS
8442,HIGH_COED,Gundagai HS
8343,HIGH_COED,Tumut HS
8908,HIGH_COED,Rooty Hill HS
8554,HIGH_COED,HSC Westport
8364,HIGH_COED,HSC Port Macquarie
8459,HIGH_COED,Chifley Mt Druitt
1336,CENTRAL_HIGH,Bowraville CS
8506,HIGH_COED,Tempe HS
8552,HIGH_COED,Crestwood HS
8477,HIGH_COED,Kellyville HS
8586,HIGH_COED,Albion Park HS
8328,HIGH_COED,Murrumburrah HS
8334,HIGH_COED,Yass HS
8216,HIGH_COED,Queanbeyan HS
8474,HIGH_COED,Lake Illawarra HS
8382,HIGH_COED,Castle Hill HS
8489,HIGH_COED,Kanahooka HS
8274,HIGH_COED,TLSC Tumbi Umbi
8205,HIGH_COED,Illawarra Sp HS
8449,HIGH_COED,Figtree HS
8563,HIGH_COED,TLSC Berkeley Vale
8196,HIGH_COED,Monaro HS
8165,HIGH_COED,Bega HS
8486,HIGH_COED,Bombala HS
8487,HIGH_COED,Eden Marine HS
2237,CENTRAL_HIGH,Jindabyne CS
8450,HIGH_COED,Tumbarumba HS
1066,CENTRAL_HIGH,Ashford CS
8811,HIGH_BOYS,Granville BHS
8832,HIGH_BOYS,Ashfield BHS
8151,HIGH_BOYS,Homebush BHS
8161,HIGH_BOYS,Randwick BHS
8253,HIGH_GIRLS,Auburn GHS
8210,HIGH_COED,Lake Macquarie HS
8166,HIGH_COED,Wyong HS
8278,CENTRAL_HIGH,Wadalba CS
8562,HIGH_COED,Irrawang HS
8590,HIGH_COED,Erskine Park HS
8907,HIGH_COED,Riverstone HS
8575,HIGH_COED,Robert Townson HS
8279,HIGH_COED,Lake Munmorah HS
8389,HIGH_COED,Swansea HS
8265,HIGH_COED,Sefton HS
8569,HIGH_COED,Eagle Vale HS
8413,HIGH_COED,Morisset HS
8520,HIGH_COED,TRSC Kadina
1886,CENTRAL_HIGH,Evans River CS
8271,CENTRAL_HIGH,Lucas Hts CS
8187,HIGH_GIRLS,East Hls GTHS
8206,HIGH_BOYS,East Hls BHS
8377,HIGH_COED,Picnic Pt HS
8436,HIGH_COED,Granville SCPAHS
8258,HIGH_COED,Bellingen HS
8566,HIGH_COED,Melville HS
8169,HIGH_GIRLS,Strathfield GHS
8412,HIGH_COED,The Hls Sp HS
8245,HIGH_BOYS,Asquith BHS
8880,HIGH_COED,Callaghan Jesmond
8501,HIGH_COED,Moorebank HS
8460,HIGH_COED,James Busby HS
8140,HIGH_COED,Taree HS
8422,HIGH_COED,Killarney Hts HS
8435,HIGH_COED,Turramurra HS
8910,HIGH_COED,Cammeraygal HS
8186,HIGH_BOYS,Liverpool BHS
8250,HIGH_COED,Sir Joseph Banks HS
8408,HIGH_COED,GRC Peakhurst
8101,HIGH_COED,Albury HS
8320,HIGH_COED,Kogarah HS
8247,HIGH_COED,Kingsgrove HS
8241,HIGH_GIRLS,Moorefield GHS
8857,HIGH_GIRLS,GRC Penshurst Girls
8813,HIGH_BOYS,GRC Hurstville Boys
8290,HIGH_COED,John Edmondson HS
1313,CENTRAL_HIGH,Boorowa CS
1838,CENTRAL_HIGH,Emmaville CS
8888,HIGH_GIRLS,Wiley Park GHS
8804,HIGH_BOYS,Belmore BHS
8222,HIGH_GIRLS,Asquith GHS
8497,HIGH_COED,James Meehan HS
8488,HIGH_COED,Chifley Dunheved
8491,HIGH_COED,Willyama HS
8109,HIGH_COED,Coffs Harbour HS
8580,HIGH_COED,Cranebrook HS
8579,HIGH_COED,Kingscliff HS
8282,HIGH_COED,Banora Pt HS
4658,CENTRAL_HIGH,Lindfield LV
8483,HIGH_COED,Kooringal HS
8220,HIGH_GIRLS,Randwick GHS
8249,HIGH_COED,Matraville Sp HS
8398,HIGH_COED,Condell Park HS
8882,HIGH_BOYS,James Cook Boys Technology HS
8231,HIGH_COED,Seven Hls HS
8420,HIGH_COED,Evans HS
8854,HIGH_GIRLS,Birrong GHS
8591,HIGH_COED,Narara Valley HS
8189,HIGH_COED,Kyogle HS
2751,CENTRAL_HIGH,Nimbin CS
8394,HIGH_COED,Miller Technology HS
8911,HIGH_COED,The Ponds HS
8403,HIGH_COED,Mitchell HS
8571,HIGH_COED,St Clair HS
8524,HIGH_COED,Karabar HS
8555,HIGH_COED,Rose Bay SC
8370,HIGH_COED,Tweed River HS
8397,HIGH_COED,Ashcroft HS
8527,HIGH_COED,Toormina HS
8473,HIGH_COED,Chifley SC
8368,HIGH_COED,Moruya HS
8578,HIGH_COED,Alstonville HS
8417,HIGH_COED,Dubbo South
8585,HIGH_COED,Kincumber HS
8467,HIGH_COED,Henry Kendall HS
8123,HIGH_COED,Kempsey HS
8594,HIGH_COED,Quakers Hill HS
8164,HIGH_COED,Muswellbrook HS
1051,CENTRAL_HIGH,Ardlethan CS
8396,HIGH_COED,Windsor HS
8574,HIGH_COED,Mt View HS
8572,HIGH_COED,RutherfordHS
1402,CENTRAL_HIGH,Bulahdelah CS
8289,HIGH_COED,GLC Tuncurry
8281,HIGH_COED,GLC Snr C
8159,HIGH_GIRLS,Willoughby GHS
8292,HIGH_COED,Kariong Mts HS
8405,HIGH_COED,Erina HS
8533,HIGH_COED,Terrigal HS
8374,HIGH_COED,BWSC Woy Woy
8438,HIGH_COED,Pennant Hls HS
8424,HIGH_COED,Holroyd HS
8291,HIGH_COED,Rouse Hill HS
8905,HIGH_COED,Cumberland HS
8225,HIGH_COED,Marsden HS
8358,HIGH_COED,Tenterfield HS
1290,CENTRAL_HIGH,Bonalbo CS
8154,HIGH_COED,Casino HS
2114,CENTRAL_HIGH,Guyra CS
8453,HIGH_COED,Dorrigo HS
8409,HIGH_COED,Scone HS
8472,HIGH_COED,Dungog HS
8589,HIGH_COED,Thomas Reddall HS
8534,HIGH_COED,GLC Forster
8485,HIGH_COED,Hoxton Park HS
8584,HIGH_COED,Elizabeth Macarthur HS
8514,HIGH_COED,Plumpton HS
8215,HIGH_COED,Picton HS
8201,HIGH_COED,Nowra HS
8107,HIGH_BOYS,Canterbury BHS
8399,HIGH_COED,Doonside Technology HS
8806,HIGH_GIRLS,Canterbury GHS
8152,HIGH_GIRLS,Burwood GHS
8598,HIGH_COED,Oberon HS
8517,HIGH_COED,Denison Kelso
8439,HIGH_COED,Francis Greenway HS
8516,HIGH_COED,Cambridge Park HS
8513,HIGH_COED,BWSC Umina
8447,HIGH_COED,Carlingford HS
8414,HIGH_COED,Chatham HS
8469,HIGH_COED,Orara HS
3340,CENTRAL_HIGH,Walcha CS
8391,HIGH_COED,Wingham HS
8139,HIGH_COED,Tamworth HS
8162,HIGH_COED,Macksville HS
8104,HIGH_COED,Bowral HS
8388,HIGH_COED,Moss Vale HS
8202,HIGH_COED,Singleton HS
8318,HIGH_COED,Kandos HS
8526,HIGH_COED,Colo HS
8125,HIGH_COED,Lithgow HS
8551,HIGH_COED,Sarah Redfern HS
8255,HIGH_GIRLS,Beverly Hls GHS
8221,HIGH_COED,Kingsgrove NHS
1055,CENTRAL_HIGH,Ariah Park CS
8273,HIGH_COED,Cecil Hills HS
8260,HIGH_COED,Bonnyrigg HS
8371,HIGH_COED,Gloucester HS
8498,HIGH_COED,Muirfield HS
8481,HIGH_COED,Galston HS
8892,HIGH_COED,Arthur Phillip HS
8114,HIGH_COED,Glen Innes HS
3491,CENTRAL_HIGH,Woodenbong CS
8915,HIGH_COED,Armidale SC
8406,HIGH_COED,Sth Grafton HS
8117,HIGH_COED,Grafton HS
1140,CENTRAL_HIGH,Barraba CS
3864,CENTRAL_HIGH,Uralla CS
8455,HIGH_COED,Oxley HS
8128,HIGH_COED,Mudgee HS
2590,CENTRAL_HIGH,Molong CS
2522,CENTRAL_HIGH,Mendooran CS
8444,HIGH_COED,Canobolas RTHS
8103,HIGH_COED,Denison Bathurst
8357,HIGH_COED,Blayney HS
8142,HIGH_COED,Wagga Wagga HS
8518,HIGH_COED,Canowindra HS
8148,HIGH_COED,Cowra HS
8110,HIGH_COED,Dubbo Snr
3254,CENTRAL_HIGH,Trangie CS
8325,HIGH_COED,MSC Albert Street
8217,HIGH_COED,Camden HS
8471,HIGH_COED,MSC Carol Ave
1589,CENTRAL_HIGH,Collarenebri CS
2033,CENTRAL_HIGH,Goodooga CS
2395,CENTRAL_HIGH,Lightning Ridge CS
1350,CENTRAL_HIGH,Brewarrina CS
8475,HIGH_COED,Walgett CCHS
8451,HIGH_COED,Coonamble HS
1130,CENTRAL_HIGH,Baradine CS
2094,CENTRAL_HIGH,Gulargambone CS
8347,HIGH_COED,Coonabarabran HS
8134,HIGH_COED,Orange HS
8194,HIGH_COED,Forbes HS
1237,CENTRAL_HIGH,Binnaway CS
8349,HIGH_COED,Gilgandra HS
2528,CENTRAL_HIGH,Merriwa CS
1621,CENTRAL_HIGH,Coolah CS
1789,CENTRAL_HIGH,Dunedoo CS
8214,HIGH_COED,TRSC Richmond River
8193,HIGH_COED,Mullumbimby HS
8170,HIGH_COED,Narrabri HS
8188,HIGH_COED,Gunnedah HS
7305,CENTRAL_HIGH,Manilla CS
3442,CENTRAL_HIGH,Wilcannia CS
1234,CENTRAL_HIGH,Bingara CS
8519,HIGH_COED,Warialda HS
8122,HIGH_COED,Inverell HS
8490,HIGH_COED,Macintyre HS
1415,CENTRAL_HIGH,Bundarra CS
8525,HIGH_COED,Peel HS
8308,HIGH_COED,Corowa HS
8407,HIGH_COED,Mt Austin HS
2976,CENTRAL_HIGH,The Rock CS
8224,HIGH_GIRLS,Blacktown GHS
2165,CENTRAL_HIGH,Hillston CS
8499,HIGH_COED,Model Farms HS
1131,CENTRAL_HIGH,Barellan CS
8272,HIGH_COED,Coffs Harbour SC
8482,HIGH_COED,Lambton HS
8592,HIGH_COED,Cherrybrook THS
8179,HIGH_COED,Junee HS
1152,CENTRAL_HIGH,Batlow THS
8423,HIGH_COED,Kotara HS
8383,HIGH_COED,Nepean CPAHS
8903,HIGH_COED,Cardiff HS
8190,HIGH_COED,Cootamundra HS
8556,CENTRAL_HIGH,Alexandria Park CS
4348,CENTRAL_HIGH,Coleambally CS
8156,HIGH_COED,Leeton HS
8919,HIGH_COED,Bungendore HS
8922,HIGH_COED,Jerrabomberra HS
8157,HIGH_COED,Narrandera HS
8268,HIGH_COED,Glenwood HS
8155,HIGH_COED,Young HS
2418,CENTRAL_HIGH,Lockhart CS
1624,CENTRAL_HIGH,Coolamon CS
8286,HIGH_COED,Mt Annan HS
8390,HIGH_COED,Whitebridge HS
2359,CENTRAL_HIGH,Lake Cargelligo CS
3272,CENTRAL_HIGH,Tullibigeal CS
2791,CENTRAL_HIGH,Oaklands CS
8454,HIGH_COED,Barrenjoey HS
8379,HIGH_COED,Pittwater HS
8314,HIGH_COED,The Henry Lawson HS
8346,HIGH_COED,Condobolin HS
3311,CENTRAL_HIGH,Ungarie CS
8392,HIGH_COED,West Wyalong HS
8512,HIGH_COED,Narrabeen Sp HS
8168,HIGH_COED,Temora HS
8461,HIGH_COED,Barham HS
8119,HIGH_COED,Hay War Memorial HS
8362,HIGH_COED,Maclean HS
8208,HIGH_GIRLS,Cheltenham GHS
8243,HIGH_GIRLS,Riverside GHS
3270,CENTRAL_HIGH,Tullamore CS
8522,HIGH_COED,Blaxland HS
8495,HIGH_COED,Ulladulla HS
8355,HIGH_COED,Bourke HS
8356,HIGH_COED,Cobar HS
8277,HIGH_COED,Wyndham College
8493,HIGH_COED,Airds HS
8353,HIGH_COED,Nyngan HS
3392,CENTRAL_HIGH,Warren CS
3249,CENTRAL_HIGH,Tottenham CS
2848,CENTRAL_HIGH,Peak Hill CS
3259,CENTRAL_HIGH,Trundle CS
8565,HIGH_COED,Hawkesbury HS
8150,HIGH_COED,Katoomba HS
8446,HIGH_COED,Springwood HS
8276,HIGH_COED,Glenmore Park HS
8570,HIGH_COED,Ambarvale HS
3555,CENTRAL_HIGH,Yeoval CS
8146,HIGH_COED,Parkes HS
8452,HIGH_COED,Crookwell HS
1340,CENTRAL_HIGH,Braidwood CS
8581,HIGH_COED,Batemans Bay HS
8116,HIGH_COED,Goulburn HS
8468,HIGH_COED,Mulwaree HS
8561,HIGH_COED,Shoalhaven HS
8593,HIGH_COED,Vincentia HS
8213,HIGH_BOYS,Birrong BHS
8108,HIGH_COED,Cessnock HS
3235,CENTRAL_HIGH,Tooleybuc CS
1115,CENTRAL_HIGH,Balranald CS
2213,CENTRAL_HIGH,Ivanhoe CS
